document,anchor,href
docs/evo-tactics/guida-ai-tratti-1.md,evo-guida-ai-tratti-1,/docs/evo-tactics/guida-ai-tratti-1#evo-guida-ai-tratti-1
docs/evo-tactics/guida-ai-tratti-1.md,evo-guida-ai-tratti-1-1-elastovaranus-hydrus-vivernaelastico,/docs/evo-tactics/guida-ai-tratti-1#evo-guida-ai-tratti-1-1-elastovaranus-hydrus-vivernaelastico
docs/evo-tactics/guida-ai-tratti-1.md,evo-guida-ai-tratti-1-10-rupicapra-sensoria-camoscio-psionico,/docs/evo-tactics/guida-ai-tratti-1#evo-guida-ai-tratti-1-10-rupicapra-sensoria-camoscio-psionico
docs/evo-tactics/guida-ai-tratti-1.md,evo-guida-ai-tratti-1-2-gulogluteus-scutiger-ghiottonscudo,/docs/evo-tactics/guida-ai-tratti-1#evo-guida-ai-tratti-1-2-gulogluteus-scutiger-ghiottonscudo
docs/evo-tactics/guida-ai-tratti-1.md,evo-guida-ai-tratti-1-3-perfusuas-pedes-zannapiedi,/docs/evo-tactics/guida-ai-tratti-1#evo-guida-ai-tratti-1-3-perfusuas-pedes-zannapiedi
docs/evo-tactics/guida-ai-tratti-1.md,evo-guida-ai-tratti-1-4-terracetus-ambulator-megattera-terrestre,/docs/evo-tactics/guida-ai-tratti-1#evo-guida-ai-tratti-1-4-terracetus-ambulator-megattera-terrestre
docs/evo-tactics/guida-ai-tratti-1.md,evo-guida-ai-tratti-1-5-chemnotela-toxica-aracnide-alchemico,/docs/evo-tactics/guida-ai-tratti-1#evo-guida-ai-tratti-1-5-chemnotela-toxica-aracnide-alchemico
docs/evo-tactics/guida-ai-tratti-1.md,evo-guida-ai-tratti-1-6-proteus-plasma-mutaforma-cellulare,/docs/evo-tactics/guida-ai-tratti-1#evo-guida-ai-tratti-1-6-proteus-plasma-mutaforma-cellulare
docs/evo-tactics/guida-ai-tratti-1.md,evo-guida-ai-tratti-1-7-soniptera-resonans-libellula-sonica,/docs/evo-tactics/guida-ai-tratti-1#evo-guida-ai-tratti-1-7-soniptera-resonans-libellula-sonica
docs/evo-tactics/guida-ai-tratti-1.md,evo-guida-ai-tratti-1-8-anguis-magnetica-anguilla-geomagnetica,/docs/evo-tactics/guida-ai-tratti-1#evo-guida-ai-tratti-1-8-anguis-magnetica-anguilla-geomagnetica
docs/evo-tactics/guida-ai-tratti-1.md,evo-guida-ai-tratti-1-9-umbra-alaris-uccello-ombra,/docs/evo-tactics/guida-ai-tratti-1#evo-guida-ai-tratti-1-9-umbra-alaris-uccello-ombra
docs/evo-tactics/guida-ai-tratti-1.md,evo-guida-ai-tratti-1-catalogo-master-e-indici,/docs/evo-tactics/guida-ai-tratti-1#evo-guida-ai-tratti-1-catalogo-master-e-indici
docs/evo-tactics/guida-ai-tratti-1.md,evo-guida-ai-tratti-1-conclusione,/docs/evo-tactics/guida-ai-tratti-1#evo-guida-ai-tratti-1-conclusione
docs/evo-tactics/guida-ai-tratti-1.md,evo-guida-ai-tratti-1-documentazione-integrativa-del-pacchetto,/docs/evo-tactics/guida-ai-tratti-1#evo-guida-ai-tratti-1-documentazione-integrativa-del-pacchetto
docs/evo-tactics/guida-ai-tratti-1.md,evo-guida-ai-tratti-1-ecotipi-e-varianti,/docs/evo-tactics/guida-ai-tratti-1#evo-guida-ai-tratti-1-ecotipi-e-varianti
docs/evo-tactics/guida-ai-tratti-1.md,evo-guida-ai-tratti-1-ecotipi-e-varianti-ecologiche,/docs/evo-tactics/guida-ai-tratti-1#evo-guida-ai-tratti-1-ecotipi-e-varianti-ecologiche
docs/evo-tactics/guida-ai-tratti-1.md,evo-guida-ai-tratti-1-guida-allo-stile,/docs/evo-tactics/guida-ai-tratti-1#evo-guida-ai-tratti-1-guida-allo-stile
docs/evo-tactics/guida-ai-tratti-1.md,evo-guida-ai-tratti-1-guida-completa-ai-trait-estratto,/docs/evo-tactics/guida-ai-tratti-1#evo-guida-ai-tratti-1-guida-completa-ai-trait-estratto
docs/evo-tactics/guida-ai-tratti-1.md,evo-guida-ai-tratti-1-howto-autore-trait-estratto,/docs/evo-tactics/guida-ai-tratti-1#evo-guida-ai-tratti-1-howto-autore-trait-estratto
docs/evo-tactics/guida-ai-tratti-1.md,evo-guida-ai-tratti-1-introduzione,/docs/evo-tactics/guida-ai-tratti-1#evo-guida-ai-tratti-1-introduzione
docs/evo-tactics/guida-ai-tratti-1.md,evo-guida-ai-tratti-1-pipeline-di-migrazione-v1-v2,/docs/evo-tactics/guida-ai-tratti-1#evo-guida-ai-tratti-1-pipeline-di-migrazione-v1-v2
docs/evo-tactics/guida-ai-tratti-1.md,evo-guida-ai-tratti-1-validazione-nel-repository-game,/docs/evo-tactics/guida-ai-tratti-1#evo-guida-ai-tratti-1-validazione-nel-repository-game
docs/evo-tactics/guida-ai-tratti-1.md,evo-guida-ai-tratti-1-prontuario-metriche-ucum-estratto,/docs/evo-tactics/guida-ai-tratti-1#evo-guida-ai-tratti-1-prontuario-metriche-ucum-estratto
docs/evo-tactics/guida-ai-tratti-1.md,evo-guida-ai-tratti-1-prossimi-passi-e-raccomandazioni,/docs/evo-tactics/guida-ai-tratti-1#evo-guida-ai-tratti-1-prossimi-passi-e-raccomandazioni
docs/evo-tactics/guida-ai-tratti-1.md,evo-guida-ai-tratti-1-schede-delle-specie-e-dei-loro-tratti,/docs/evo-tactics/guida-ai-tratti-1#evo-guida-ai-tratti-1-schede-delle-specie-e-dei-loro-tratti
docs/evo-tactics/guida-ai-tratti-1.md,evo-guida-ai-tratti-1-specifiche-standard-v2,/docs/evo-tactics/guida-ai-tratti-1#evo-guida-ai-tratti-1-specifiche-standard-v2
docs/evo-tactics/guida-ai-tratti-1.md,evo-guida-ai-tratti-1-strumenti-di-validazione-e-qa,/docs/evo-tactics/guida-ai-tratti-1#evo-guida-ai-tratti-1-strumenti-di-validazione-e-qa
docs/evo-tactics/guida-ai-tratti-1.md,evo-guida-ai-tratti-1-struttura-del-pacchetto,/docs/evo-tactics/guida-ai-tratti-1#evo-guida-ai-tratti-1-struttura-del-pacchetto
docs/evo-tactics/guida-ai-tratti-1.md,evo-guida-ai-tratti-1-uso-del-pacchetto-e-prossimi-passi,/docs/evo-tactics/guida-ai-tratti-1#evo-guida-ai-tratti-1-uso-del-pacchetto-e-prossimi-passi
docs/evo-tactics/guida-ai-tratti-2.md,evo-guida-ai-tratti-2,/docs/evo-tactics/guida-ai-tratti-2#evo-guida-ai-tratti-2
docs/evo-tactics/guida-ai-tratti-2.md,evo-guida-ai-tratti-2-1-elastovaranus-hydrus-vivernaelastico,/docs/evo-tactics/guida-ai-tratti-2#evo-guida-ai-tratti-2-1-elastovaranus-hydrus-vivernaelastico
docs/evo-tactics/guida-ai-tratti-2.md,evo-guida-ai-tratti-2-10-rupicapra-sensoria-camoscio-psionico,/docs/evo-tactics/guida-ai-tratti-2#evo-guida-ai-tratti-2-10-rupicapra-sensoria-camoscio-psionico
docs/evo-tactics/guida-ai-tratti-2.md,evo-guida-ai-tratti-2-2-gulogluteus-scutiger-ghiottonscudo,/docs/evo-tactics/guida-ai-tratti-2#evo-guida-ai-tratti-2-2-gulogluteus-scutiger-ghiottonscudo
docs/evo-tactics/guida-ai-tratti-2.md,evo-guida-ai-tratti-2-3-perfusuas-pedes-zannapiedi,/docs/evo-tactics/guida-ai-tratti-2#evo-guida-ai-tratti-2-3-perfusuas-pedes-zannapiedi
docs/evo-tactics/guida-ai-tratti-2.md,evo-guida-ai-tratti-2-4-terracetus-ambulator-megattera-terrestre,/docs/evo-tactics/guida-ai-tratti-2#evo-guida-ai-tratti-2-4-terracetus-ambulator-megattera-terrestre
docs/evo-tactics/guida-ai-tratti-2.md,evo-guida-ai-tratti-2-5-chemnotela-toxica-aracnide-alchemico,/docs/evo-tactics/guida-ai-tratti-2#evo-guida-ai-tratti-2-5-chemnotela-toxica-aracnide-alchemico
docs/evo-tactics/guida-ai-tratti-2.md,evo-guida-ai-tratti-2-6-proteus-plasma-mutaforma-cellulare,/docs/evo-tactics/guida-ai-tratti-2#evo-guida-ai-tratti-2-6-proteus-plasma-mutaforma-cellulare
docs/evo-tactics/guida-ai-tratti-2.md,evo-guida-ai-tratti-2-7-soniptera-resonans-libellula-sonica,/docs/evo-tactics/guida-ai-tratti-2#evo-guida-ai-tratti-2-7-soniptera-resonans-libellula-sonica
docs/evo-tactics/guida-ai-tratti-2.md,evo-guida-ai-tratti-2-8-anguis-magnetica-anguilla-geomagnetica,/docs/evo-tactics/guida-ai-tratti-2#evo-guida-ai-tratti-2-8-anguis-magnetica-anguilla-geomagnetica
docs/evo-tactics/guida-ai-tratti-2.md,evo-guida-ai-tratti-2-9-umbra-alaris-uccello-ombra,/docs/evo-tactics/guida-ai-tratti-2#evo-guida-ai-tratti-2-9-umbra-alaris-uccello-ombra
docs/evo-tactics/guida-ai-tratti-2.md,evo-guida-ai-tratti-2-catalogo-master-e-indici,/docs/evo-tactics/guida-ai-tratti-2#evo-guida-ai-tratti-2-catalogo-master-e-indici
docs/evo-tactics/guida-ai-tratti-2.md,evo-guida-ai-tratti-2-conclusione,/docs/evo-tactics/guida-ai-tratti-2#evo-guida-ai-tratti-2-conclusione
docs/evo-tactics/guida-ai-tratti-2.md,evo-guida-ai-tratti-2-conclusioni-e-prospettive,/docs/evo-tactics/guida-ai-tratti-2#evo-guida-ai-tratti-2-conclusioni-e-prospettive
docs/evo-tactics/guida-ai-tratti-2.md,evo-guida-ai-tratti-2-documentazione-integrativa-del-pacchetto,/docs/evo-tactics/guida-ai-tratti-2#evo-guida-ai-tratti-2-documentazione-integrativa-del-pacchetto
docs/evo-tactics/guida-ai-tratti-2.md,evo-guida-ai-tratti-2-ecotipi-e-varianti,/docs/evo-tactics/guida-ai-tratti-2#evo-guida-ai-tratti-2-ecotipi-e-varianti
docs/evo-tactics/guida-ai-tratti-2.md,evo-guida-ai-tratti-2-ecotipi-e-varianti-ecologiche,/docs/evo-tactics/guida-ai-tratti-2#evo-guida-ai-tratti-2-ecotipi-e-varianti-ecologiche
docs/evo-tactics/guida-ai-tratti-2.md,evo-guida-ai-tratti-2-guida-allo-stile,/docs/evo-tactics/guida-ai-tratti-2#evo-guida-ai-tratti-2-guida-allo-stile
docs/evo-tactics/guida-ai-tratti-2.md,evo-guida-ai-tratti-2-guida-completa-ai-trait-estratto,/docs/evo-tactics/guida-ai-tratti-2#evo-guida-ai-tratti-2-guida-completa-ai-trait-estratto
docs/evo-tactics/guida-ai-tratti-2.md,evo-guida-ai-tratti-2-howto-autore-trait-estratto,/docs/evo-tactics/guida-ai-tratti-2#evo-guida-ai-tratti-2-howto-autore-trait-estratto
docs/evo-tactics/guida-ai-tratti-2.md,evo-guida-ai-tratti-2-integrazione-con-lo-schema-canonico-e-la-track-di-senzienza-v2-1,/docs/evo-tactics/guida-ai-tratti-2#evo-guida-ai-tratti-2-integrazione-con-lo-schema-canonico-e-la-track-di-senzienza-v2-1
docs/evo-tactics/guida-ai-tratti-2.md,evo-guida-ai-tratti-2-introduzione,/docs/evo-tactics/guida-ai-tratti-2#evo-guida-ai-tratti-2-introduzione
docs/evo-tactics/guida-ai-tratti-2.md,evo-guida-ai-tratti-2-mappatura-e-regole-di-convergenza,/docs/evo-tactics/guida-ai-tratti-2#evo-guida-ai-tratti-2-mappatura-e-regole-di-convergenza
docs/evo-tactics/guida-ai-tratti-2.md,evo-guida-ai-tratti-2-passi-operativi-per-la-migrazione,/docs/evo-tactics/guida-ai-tratti-2#evo-guida-ai-tratti-2-passi-operativi-per-la-migrazione
docs/evo-tactics/guida-ai-tratti-2.md,evo-guida-ai-tratti-2-pipeline-di-migrazione-v1-v2,/docs/evo-tactics/guida-ai-tratti-2#evo-guida-ai-tratti-2-pipeline-di-migrazione-v1-v2
docs/evo-tactics/guida-ai-tratti-2.md,evo-guida-ai-tratti-2-validazione-nel-repository-game,/docs/evo-tactics/guida-ai-tratti-2#evo-guida-ai-tratti-2-validazione-nel-repository-game
docs/evo-tactics/guida-ai-tratti-2.md,evo-guida-ai-tratti-2-prontuario-metriche-ucum-estratto,/docs/evo-tactics/guida-ai-tratti-2#evo-guida-ai-tratti-2-prontuario-metriche-ucum-estratto
docs/evo-tactics/guida-ai-tratti-2.md,evo-guida-ai-tratti-2-prossimi-passi-e-raccomandazioni,/docs/evo-tactics/guida-ai-tratti-2#evo-guida-ai-tratti-2-prossimi-passi-e-raccomandazioni
docs/evo-tactics/guida-ai-tratti-2.md,evo-guida-ai-tratti-2-roadmap-e-gate-di-qualita,/docs/evo-tactics/guida-ai-tratti-2#evo-guida-ai-tratti-2-roadmap-e-gate-di-qualita
docs/evo-tactics/guida-ai-tratti-2.md,evo-guida-ai-tratti-2-schede-delle-specie-e-dei-loro-tratti,/docs/evo-tactics/guida-ai-tratti-2#evo-guida-ai-tratti-2-schede-delle-specie-e-dei-loro-tratti
docs/evo-tactics/guida-ai-tratti-2.md,evo-guida-ai-tratti-2-sentience-track-t1t6,/docs/evo-tactics/guida-ai-tratti-2#evo-guida-ai-tratti-2-sentience-track-t1t6
docs/evo-tactics/guida-ai-tratti-2.md,evo-guida-ai-tratti-2-specifiche-standard-v2,/docs/evo-tactics/guida-ai-tratti-2#evo-guida-ai-tratti-2-specifiche-standard-v2
docs/evo-tactics/guida-ai-tratti-2.md,evo-guida-ai-tratti-2-stato-target-e-struttura-file-ssot,/docs/evo-tactics/guida-ai-tratti-2#evo-guida-ai-tratti-2-stato-target-e-struttura-file-ssot
docs/evo-tactics/guida-ai-tratti-2.md,evo-guida-ai-tratti-2-strumenti-di-validazione-e-qa,/docs/evo-tactics/guida-ai-tratti-2#evo-guida-ai-tratti-2-strumenti-di-validazione-e-qa
docs/evo-tactics/guida-ai-tratti-2.md,evo-guida-ai-tratti-2-struttura-del-pacchetto,/docs/evo-tactics/guida-ai-tratti-2#evo-guida-ai-tratti-2-struttura-del-pacchetto
docs/evo-tactics/guida-ai-tratti-2.md,evo-guida-ai-tratti-2-uso-del-pacchetto-e-prossimi-passi,/docs/evo-tactics/guida-ai-tratti-2#evo-guida-ai-tratti-2-uso-del-pacchetto-e-prossimi-passi
docs/evo-tactics/guida-ai-tratti-3-database.md,evo-guida-ai-tratti-3-database,/docs/evo-tactics/guida-ai-tratti-3-database#evo-guida-ai-tratti-3-database
docs/evo-tactics/guida-ai-tratti-3-database.md,evo-guida-ai-tratti-3-database-conclusione,/docs/evo-tactics/guida-ai-tratti-3-database#evo-guida-ai-tratti-3-database-conclusione
docs/evo-tactics/guida-ai-tratti-3-database.md,evo-guida-ai-tratti-3-database-cosa-troverai-in-questa-guida,/docs/evo-tactics/guida-ai-tratti-3-database#evo-guida-ai-tratti-3-database-cosa-troverai-in-questa-guida
docs/evo-tactics/guida-ai-tratti-3-database.md,evo-guida-ai-tratti-3-database-ecotipi-e-varianti,/docs/evo-tactics/guida-ai-tratti-3-database#evo-guida-ai-tratti-3-database-ecotipi-e-varianti
docs/evo-tactics/guida-ai-tratti-3-database.md,evo-guida-ai-tratti-3-database-importazione-e-validazione-nel-gamedatabase,/docs/evo-tactics/guida-ai-tratti-3-database#evo-guida-ai-tratti-3-database-importazione-e-validazione-nel-gamedatabase
docs/evo-tactics/guida-ai-tratti-3-database.md,evo-guida-ai-tratti-3-database-introduzione,/docs/evo-tactics/guida-ai-tratti-3-database#evo-guida-ai-tratti-3-database-introduzione
docs/evo-tactics/guida-ai-tratti-3-database.md,evo-guida-ai-tratti-3-database-migrazione-dai-dati-v1,/docs/evo-tactics/guida-ai-tratti-3-database#evo-guida-ai-tratti-3-database-migrazione-dai-dati-v1
docs/evo-tactics/guida-ai-tratti-3-database.md,evo-guida-ai-tratti-3-database-regole-di-naming-e-stile,/docs/evo-tactics/guida-ai-tratti-3-database#evo-guida-ai-tratti-3-database-regole-di-naming-e-stile
docs/evo-tactics/guida-ai-tratti-3-database.md,evo-guida-ai-tratti-3-database-roadmap-per-lintegrazione-dei-documenti,/docs/evo-tactics/guida-ai-tratti-3-database#evo-guida-ai-tratti-3-database-roadmap-per-lintegrazione-dei-documenti
docs/evo-tactics/guida-ai-tratti-3-database.md,evo-guida-ai-tratti-3-database-schema-specie-species-genus-species-json,/docs/evo-tactics/guida-ai-tratti-3-database#evo-guida-ai-tratti-3-database-schema-specie-species-genus-species-json
docs/evo-tactics/guida-ai-tratti-3-database.md,evo-guida-ai-tratti-3-database-schema-tratto-traits-tr-xxxx-json,/docs/evo-tactics/guida-ai-tratti-3-database#evo-guida-ai-tratti-3-database-schema-tratto-traits-tr-xxxx-json
docs/evo-tactics/guida-ai-tratti-3-database.md,evo-guida-ai-tratti-3-database-standard-v2-per-specie-e-tratti,/docs/evo-tactics/guida-ai-tratti-3-database#evo-guida-ai-tratti-3-database-standard-v2-per-specie-e-tratti
docs/evo-tactics/guida-ai-tratti-3-database.md,evo-guida-ai-tratti-3-database-struttura-del-pacchetto,/docs/evo-tactics/guida-ai-tratti-3-database#evo-guida-ai-tratti-3-database-struttura-del-pacchetto
docs/evo-tactics/guida-ai-tratti-3-evo-tactics.md,evo-guida-ai-tratti-3-evo-tactics,/docs/evo-tactics/guida-ai-tratti-3-evo-tactics#evo-guida-ai-tratti-3-evo-tactics
docs/evo-tactics/guida-ai-tratti-3-evo-tactics.md,evo-guida-ai-tratti-3-evo-tactics-1-elastovaranus-hydrus-vivernaelastico,/docs/evo-tactics/guida-ai-tratti-3-evo-tactics#evo-guida-ai-tratti-3-evo-tactics-1-elastovaranus-hydrus-vivernaelastico
docs/evo-tactics/guida-ai-tratti-3-evo-tactics.md,evo-guida-ai-tratti-3-evo-tactics-10-rupicapra-sensoria-camoscio-psionico,/docs/evo-tactics/guida-ai-tratti-3-evo-tactics#evo-guida-ai-tratti-3-evo-tactics-10-rupicapra-sensoria-camoscio-psionico
docs/evo-tactics/guida-ai-tratti-3-evo-tactics.md,evo-guida-ai-tratti-3-evo-tactics-2-gulogluteus-scutiger-ghiottonscudo,/docs/evo-tactics/guida-ai-tratti-3-evo-tactics#evo-guida-ai-tratti-3-evo-tactics-2-gulogluteus-scutiger-ghiottonscudo
docs/evo-tactics/guida-ai-tratti-3-evo-tactics.md,evo-guida-ai-tratti-3-evo-tactics-3-perfusuas-pedes-zannapiedi,/docs/evo-tactics/guida-ai-tratti-3-evo-tactics#evo-guida-ai-tratti-3-evo-tactics-3-perfusuas-pedes-zannapiedi
docs/evo-tactics/guida-ai-tratti-3-evo-tactics.md,evo-guida-ai-tratti-3-evo-tactics-4-terracetus-ambulator-megattera-terrestre,/docs/evo-tactics/guida-ai-tratti-3-evo-tactics#evo-guida-ai-tratti-3-evo-tactics-4-terracetus-ambulator-megattera-terrestre
docs/evo-tactics/guida-ai-tratti-3-evo-tactics.md,evo-guida-ai-tratti-3-evo-tactics-5-chemnotela-toxica-aracnide-alchemico,/docs/evo-tactics/guida-ai-tratti-3-evo-tactics#evo-guida-ai-tratti-3-evo-tactics-5-chemnotela-toxica-aracnide-alchemico
docs/evo-tactics/guida-ai-tratti-3-evo-tactics.md,evo-guida-ai-tratti-3-evo-tactics-6-proteus-plasma-mutaforma-cellulare,/docs/evo-tactics/guida-ai-tratti-3-evo-tactics#evo-guida-ai-tratti-3-evo-tactics-6-proteus-plasma-mutaforma-cellulare
docs/evo-tactics/guida-ai-tratti-3-evo-tactics.md,evo-guida-ai-tratti-3-evo-tactics-7-soniptera-resonans-libellula-sonica,/docs/evo-tactics/guida-ai-tratti-3-evo-tactics#evo-guida-ai-tratti-3-evo-tactics-7-soniptera-resonans-libellula-sonica
docs/evo-tactics/guida-ai-tratti-3-evo-tactics.md,evo-guida-ai-tratti-3-evo-tactics-8-anguis-magnetica-anguilla-geomagnetica,/docs/evo-tactics/guida-ai-tratti-3-evo-tactics#evo-guida-ai-tratti-3-evo-tactics-8-anguis-magnetica-anguilla-geomagnetica
docs/evo-tactics/guida-ai-tratti-3-evo-tactics.md,evo-guida-ai-tratti-3-evo-tactics-9-umbra-alaris-uccello-ombra,/docs/evo-tactics/guida-ai-tratti-3-evo-tactics#evo-guida-ai-tratti-3-evo-tactics-9-umbra-alaris-uccello-ombra
docs/evo-tactics/guida-ai-tratti-3-evo-tactics.md,evo-guida-ai-tratti-3-evo-tactics-catalogo-master-e-indici,/docs/evo-tactics/guida-ai-tratti-3-evo-tactics#evo-guida-ai-tratti-3-evo-tactics-catalogo-master-e-indici
docs/evo-tactics/guida-ai-tratti-3-evo-tactics.md,evo-guida-ai-tratti-3-evo-tactics-conclusione,/docs/evo-tactics/guida-ai-tratti-3-evo-tactics#evo-guida-ai-tratti-3-evo-tactics-conclusione
docs/evo-tactics/guida-ai-tratti-3-evo-tactics.md,evo-guida-ai-tratti-3-evo-tactics-conclusioni-e-prospettive,/docs/evo-tactics/guida-ai-tratti-3-evo-tactics#evo-guida-ai-tratti-3-evo-tactics-conclusioni-e-prospettive
docs/evo-tactics/guida-ai-tratti-3-evo-tactics.md,evo-guida-ai-tratti-3-evo-tactics-documentazione-integrativa-del-pacchetto,/docs/evo-tactics/guida-ai-tratti-3-evo-tactics#evo-guida-ai-tratti-3-evo-tactics-documentazione-integrativa-del-pacchetto
docs/evo-tactics/guida-ai-tratti-3-evo-tactics.md,evo-guida-ai-tratti-3-evo-tactics-ecotipi-e-varianti,/docs/evo-tactics/guida-ai-tratti-3-evo-tactics#evo-guida-ai-tratti-3-evo-tactics-ecotipi-e-varianti
docs/evo-tactics/guida-ai-tratti-3-evo-tactics.md,evo-guida-ai-tratti-3-evo-tactics-ecotipi-e-varianti-ecologiche,/docs/evo-tactics/guida-ai-tratti-3-evo-tactics#evo-guida-ai-tratti-3-evo-tactics-ecotipi-e-varianti-ecologiche
docs/evo-tactics/guida-ai-tratti-3-evo-tactics.md,evo-guida-ai-tratti-3-evo-tactics-guida-allo-stile,/docs/evo-tactics/guida-ai-tratti-3-evo-tactics#evo-guida-ai-tratti-3-evo-tactics-guida-allo-stile
docs/evo-tactics/guida-ai-tratti-3-evo-tactics.md,evo-guida-ai-tratti-3-evo-tactics-guida-completa-ai-trait-estratto,/docs/evo-tactics/guida-ai-tratti-3-evo-tactics#evo-guida-ai-tratti-3-evo-tactics-guida-completa-ai-trait-estratto
docs/evo-tactics/guida-ai-tratti-3-evo-tactics.md,evo-guida-ai-tratti-3-evo-tactics-howto-autore-trait-estratto,/docs/evo-tactics/guida-ai-tratti-3-evo-tactics#evo-guida-ai-tratti-3-evo-tactics-howto-autore-trait-estratto
docs/evo-tactics/guida-ai-tratti-3-evo-tactics.md,evo-guida-ai-tratti-3-evo-tactics-integrazione-con-lo-schema-canonico-e-la-track-di-senzienza-v2-1,/docs/evo-tactics/guida-ai-tratti-3-evo-tactics#evo-guida-ai-tratti-3-evo-tactics-integrazione-con-lo-schema-canonico-e-la-track-di-senzienza-v2-1
docs/evo-tactics/guida-ai-tratti-3-evo-tactics.md,evo-guida-ai-tratti-3-evo-tactics-introduzione,/docs/evo-tactics/guida-ai-tratti-3-evo-tactics#evo-guida-ai-tratti-3-evo-tactics-introduzione
docs/evo-tactics/guida-ai-tratti-3-evo-tactics.md,evo-guida-ai-tratti-3-evo-tactics-mappatura-e-regole-di-convergenza,/docs/evo-tactics/guida-ai-tratti-3-evo-tactics#evo-guida-ai-tratti-3-evo-tactics-mappatura-e-regole-di-convergenza
docs/evo-tactics/guida-ai-tratti-3-evo-tactics.md,evo-guida-ai-tratti-3-evo-tactics-passi-operativi-per-la-migrazione,/docs/evo-tactics/guida-ai-tratti-3-evo-tactics#evo-guida-ai-tratti-3-evo-tactics-passi-operativi-per-la-migrazione
docs/evo-tactics/guida-ai-tratti-3-evo-tactics.md,evo-guida-ai-tratti-3-evo-tactics-pipeline-di-migrazione-v1-v2,/docs/evo-tactics/guida-ai-tratti-3-evo-tactics#evo-guida-ai-tratti-3-evo-tactics-pipeline-di-migrazione-v1-v2
docs/evo-tactics/guida-ai-tratti-3-evo-tactics.md,evo-guida-ai-tratti-3-evo-tactics-validazione-nel-repository-game,/docs/evo-tactics/guida-ai-tratti-3-evo-tactics#evo-guida-ai-tratti-3-evo-tactics-validazione-nel-repository-game
docs/evo-tactics/guida-ai-tratti-3-evo-tactics.md,evo-guida-ai-tratti-3-evo-tactics-prontuario-metriche-ucum-estratto,/docs/evo-tactics/guida-ai-tratti-3-evo-tactics#evo-guida-ai-tratti-3-evo-tactics-prontuario-metriche-ucum-estratto
docs/evo-tactics/guida-ai-tratti-3-evo-tactics.md,evo-guida-ai-tratti-3-evo-tactics-prossimi-passi-e-raccomandazioni,/docs/evo-tactics/guida-ai-tratti-3-evo-tactics#evo-guida-ai-tratti-3-evo-tactics-prossimi-passi-e-raccomandazioni
docs/evo-tactics/guida-ai-tratti-3-evo-tactics.md,evo-guida-ai-tratti-3-evo-tactics-roadmap-e-gate-di-qualita,/docs/evo-tactics/guida-ai-tratti-3-evo-tactics#evo-guida-ai-tratti-3-evo-tactics-roadmap-e-gate-di-qualita
docs/evo-tactics/guida-ai-tratti-3-evo-tactics.md,evo-guida-ai-tratti-3-evo-tactics-schede-delle-specie-e-dei-loro-tratti,/docs/evo-tactics/guida-ai-tratti-3-evo-tactics#evo-guida-ai-tratti-3-evo-tactics-schede-delle-specie-e-dei-loro-tratti
docs/evo-tactics/guida-ai-tratti-3-evo-tactics.md,evo-guida-ai-tratti-3-evo-tactics-sentience-track-t1t6,/docs/evo-tactics/guida-ai-tratti-3-evo-tactics#evo-guida-ai-tratti-3-evo-tactics-sentience-track-t1t6
docs/evo-tactics/guida-ai-tratti-3-evo-tactics.md,evo-guida-ai-tratti-3-evo-tactics-specifiche-standard-v2,/docs/evo-tactics/guida-ai-tratti-3-evo-tactics#evo-guida-ai-tratti-3-evo-tactics-specifiche-standard-v2
docs/evo-tactics/guida-ai-tratti-3-evo-tactics.md,evo-guida-ai-tratti-3-evo-tactics-stato-target-e-struttura-file-ssot,/docs/evo-tactics/guida-ai-tratti-3-evo-tactics#evo-guida-ai-tratti-3-evo-tactics-stato-target-e-struttura-file-ssot
docs/evo-tactics/guida-ai-tratti-3-evo-tactics.md,evo-guida-ai-tratti-3-evo-tactics-strumenti-di-validazione-e-qa,/docs/evo-tactics/guida-ai-tratti-3-evo-tactics#evo-guida-ai-tratti-3-evo-tactics-strumenti-di-validazione-e-qa
docs/evo-tactics/guida-ai-tratti-3-evo-tactics.md,evo-guida-ai-tratti-3-evo-tactics-struttura-del-pacchetto,/docs/evo-tactics/guida-ai-tratti-3-evo-tactics#evo-guida-ai-tratti-3-evo-tactics-struttura-del-pacchetto
docs/evo-tactics/guida-ai-tratti-3-evo-tactics.md,evo-guida-ai-tratti-3-evo-tactics-uso-del-pacchetto-e-prossimi-passi,/docs/evo-tactics/guida-ai-tratti-3-evo-tactics#evo-guida-ai-tratti-3-evo-tactics-uso-del-pacchetto-e-prossimi-passi
docs/evo-tactics/integrazioni-v2.md,evo-integrazioni-v2,/docs/evo-tactics/integrazioni-v2#evo-integrazioni-v2
docs/evo-tactics/integrazioni-v2.md,evo-integrazioni-v2-1-elastovaranus-hydrus-vivernaelastico,/docs/evo-tactics/integrazioni-v2#evo-integrazioni-v2-1-elastovaranus-hydrus-vivernaelastico
docs/evo-tactics/integrazioni-v2.md,evo-integrazioni-v2-10-rupicapra-sensoria-camoscio-psionico,/docs/evo-tactics/integrazioni-v2#evo-integrazioni-v2-10-rupicapra-sensoria-camoscio-psionico
docs/evo-tactics/integrazioni-v2.md,evo-integrazioni-v2-2-gulogluteus-scutiger-ghiottonscudo,/docs/evo-tactics/integrazioni-v2#evo-integrazioni-v2-2-gulogluteus-scutiger-ghiottonscudo
docs/evo-tactics/integrazioni-v2.md,evo-integrazioni-v2-3-perfusuas-pedes-zannapiedi,/docs/evo-tactics/integrazioni-v2#evo-integrazioni-v2-3-perfusuas-pedes-zannapiedi
docs/evo-tactics/integrazioni-v2.md,evo-integrazioni-v2-4-terracetus-ambulator-megattera-terrestre,/docs/evo-tactics/integrazioni-v2#evo-integrazioni-v2-4-terracetus-ambulator-megattera-terrestre
docs/evo-tactics/integrazioni-v2.md,evo-integrazioni-v2-5-chemnotela-toxica-aracnide-alchemico,/docs/evo-tactics/integrazioni-v2#evo-integrazioni-v2-5-chemnotela-toxica-aracnide-alchemico
docs/evo-tactics/integrazioni-v2.md,evo-integrazioni-v2-6-proteus-plasma-mutaforma-cellulare,/docs/evo-tactics/integrazioni-v2#evo-integrazioni-v2-6-proteus-plasma-mutaforma-cellulare
docs/evo-tactics/integrazioni-v2.md,evo-integrazioni-v2-7-soniptera-resonans-libellula-sonica,/docs/evo-tactics/integrazioni-v2#evo-integrazioni-v2-7-soniptera-resonans-libellula-sonica
docs/evo-tactics/integrazioni-v2.md,evo-integrazioni-v2-8-anguis-magnetica-anguilla-geomagnetica,/docs/evo-tactics/integrazioni-v2#evo-integrazioni-v2-8-anguis-magnetica-anguilla-geomagnetica
docs/evo-tactics/integrazioni-v2.md,evo-integrazioni-v2-9-umbra-alaris-uccello-ombra,/docs/evo-tactics/integrazioni-v2#evo-integrazioni-v2-9-umbra-alaris-uccello-ombra
docs/evo-tactics/integrazioni-v2.md,evo-integrazioni-v2-catalogo-master-e-indici,/docs/evo-tactics/integrazioni-v2#evo-integrazioni-v2-catalogo-master-e-indici
docs/evo-tactics/integrazioni-v2.md,evo-integrazioni-v2-conclusione,/docs/evo-tactics/integrazioni-v2#evo-integrazioni-v2-conclusione
docs/evo-tactics/integrazioni-v2.md,evo-integrazioni-v2-documentazione-integrativa-del-pacchetto,/docs/evo-tactics/integrazioni-v2#evo-integrazioni-v2-documentazione-integrativa-del-pacchetto
docs/evo-tactics/integrazioni-v2.md,evo-integrazioni-v2-ecotipi-e-varianti,/docs/evo-tactics/integrazioni-v2#evo-integrazioni-v2-ecotipi-e-varianti
docs/evo-tactics/integrazioni-v2.md,evo-integrazioni-v2-ecotipi-e-varianti-ecologiche,/docs/evo-tactics/integrazioni-v2#evo-integrazioni-v2-ecotipi-e-varianti-ecologiche
docs/evo-tactics/integrazioni-v2.md,evo-integrazioni-v2-guida-allo-stile,/docs/evo-tactics/integrazioni-v2#evo-integrazioni-v2-guida-allo-stile
docs/evo-tactics/integrazioni-v2.md,evo-integrazioni-v2-guida-completa-ai-trait-estratto,/docs/evo-tactics/integrazioni-v2#evo-integrazioni-v2-guida-completa-ai-trait-estratto
docs/evo-tactics/integrazioni-v2.md,evo-integrazioni-v2-howto-autore-trait-estratto,/docs/evo-tactics/integrazioni-v2#evo-integrazioni-v2-howto-autore-trait-estratto
docs/evo-tactics/integrazioni-v2.md,evo-integrazioni-v2-introduzione,/docs/evo-tactics/integrazioni-v2#evo-integrazioni-v2-introduzione
docs/evo-tactics/integrazioni-v2.md,evo-integrazioni-v2-pipeline-di-migrazione-v1-v2,/docs/evo-tactics/integrazioni-v2#evo-integrazioni-v2-pipeline-di-migrazione-v1-v2
docs/evo-tactics/integrazioni-v2.md,evo-integrazioni-v2-validazione-nel-repository-game,/docs/evo-tactics/integrazioni-v2#evo-integrazioni-v2-validazione-nel-repository-game
docs/evo-tactics/integrazioni-v2.md,evo-integrazioni-v2-prontuario-metriche-ucum-estratto,/docs/evo-tactics/integrazioni-v2#evo-integrazioni-v2-prontuario-metriche-ucum-estratto
docs/evo-tactics/integrazioni-v2.md,evo-integrazioni-v2-prossimi-passi-e-raccomandazioni,/docs/evo-tactics/integrazioni-v2#evo-integrazioni-v2-prossimi-passi-e-raccomandazioni
docs/evo-tactics/integrazioni-v2.md,evo-integrazioni-v2-schede-delle-specie-e-dei-loro-tratti,/docs/evo-tactics/integrazioni-v2#evo-integrazioni-v2-schede-delle-specie-e-dei-loro-tratti
docs/evo-tactics/integrazioni-v2.md,evo-integrazioni-v2-specifiche-standard-v2,/docs/evo-tactics/integrazioni-v2#evo-integrazioni-v2-specifiche-standard-v2
docs/evo-tactics/integrazioni-v2.md,evo-integrazioni-v2-strumenti-di-validazione-e-qa,/docs/evo-tactics/integrazioni-v2#evo-integrazioni-v2-strumenti-di-validazione-e-qa
docs/evo-tactics/integrazioni-v2.md,evo-integrazioni-v2-struttura-del-pacchetto,/docs/evo-tactics/integrazioni-v2#evo-integrazioni-v2-struttura-del-pacchetto
docs/evo-tactics/integrazioni-v2.md,evo-integrazioni-v2-uso-del-pacchetto-e-prossimi-passi,/docs/evo-tactics/integrazioni-v2#evo-integrazioni-v2-uso-del-pacchetto-e-prossimi-passi
